condition,env,reference,policy_path,seed,episodes,alpha,noise_type,jitter_sigma,dropout_p,dropout_mode,use_masked_reward,bias_magnitude,bias_axis,bias_target,reward_type,huber_delta,n_samples,pearson_r,pearson_p,spearman_r,spearman_p,mean_clean_reward,mean_noisy_reward,mean_clean_keypoint_mse,mean_noisy_keypoint_mse,mean_masked_noisy_keypoint_mse,mean_visibility_frac,result_dir,clean_reward_std,noisy_reward_std,clean_reward_min,clean_reward_max,noisy_reward_min,noisy_reward_max,frac_noisy_reward_lt_0.05,frac_noisy_reward_lt_0.10,frac_noisy_reward_gt_0.90
jitter_sigma_0.10,Hopper-v5,data/references/hopper_v5_reference_expert_seed1_500k.npz,results/hopper_jitter_sigma_0.10_seed0/policy.zip,0,5,5.0,jitter,0.1,0.0,hold,False,0.0,0,none,squared,0.05,5000,0.5861103780360453,0.0,0.4773487802312951,5.287021973473804e-283,0.7909655486658409,0.5514357726002945,0.0066729665980636,0.0166501156519283,0.0166501156801474,1.0,results/hopper_jitter_sigma_0.10_seed0,0.15697976513248738,0.17463489545433608,0.1171512651426561,0.999995875081974,0.014038452734922,0.962368675244092,0.0032,0.0098,0.0058
bias_feet_0.10,Hopper-v5,data/references/hopper_v5_reference_expert_seed1_500k.npz,results/hopper_bias_feet_0.10_seed1/policy.zip,1,5,5.0,bias,0.0,0.0,hold,False,0.1,0,feet,squared,0.05,5000,0.687649952344415,0.0,0.679531778509271,0.0,0.8063533554814669,0.7540597623833997,0.0064009975494142,0.0083104358686177,0.0083104358721757,1.0,results/hopper_bias_feet_0.10_seed1,0.19464273016507438,0.18823640354249221,0.0984158580844296,0.9999908465632068,0.0357096875617463,0.997251582435348,0.0012,0.0092,0.2728
bias_feet_0.05,Walker2d-v5,data/references/walker2d_v5_reference_expert_seed0_10k.npz,results/bias_feet_0.05_seed0/policy.zip,0,5,5.0,bias,0.0,0.0,hold,False,0.05,0,feet,squared,0.05,795,0.9948280762482968,0.0,0.9940350963505326,0.0,0.7384909339824269,0.6810281510967062,0.0063913736337392,0.0080079187676398,0.0080079187340148,1.0,results/bias_feet_0.05_seed0,0.24868279543938332,0.2531349032251084,0.0034621209542609,0.9996545562482744,0.002075176429538,0.984196048458276,0.03018867924528302,0.050314465408805034,0.1559748427672956
clean,Walker2d-v5,data/references/walker2d_v5_reference_expert_seed0_10k.npz,results/clean_seed2/policy.zip,2,5,5.0,clean,0.0,0.0,hold,False,0.0,0,none,squared,0.05,795,1.0,0.0,1.0,0.0,0.6533018349794294,0.6533018349794294,0.0144621091594935,0.0144621091594935,0.0144621092237782,1.0,results/clean_seed2,0.34784894454942206,0.34784894454942206,1.1568507644243305e-06,0.998756541037759,1.1568507644243305e-06,0.998756541037759,0.11320754716981132,0.1459119496855346,0.37358490566037733
jitter_sigma_0.10,Hopper-v5,data/references/hopper_v5_reference_expert_seed1_500k.npz,results/hopper_jitter_sigma_0.10_seed1/policy.zip,1,5,5.0,jitter,0.1,0.0,hold,False,0.0,0,none,squared,0.05,1116,0.7190163011312753,3.073565317309003e-178,0.6344874954582175,9.236365047672103e-127,0.7637385112111464,0.5349613602286171,0.0083102463702972,0.0182468658364269,0.0182468657951182,1.0,results/hopper_jitter_sigma_0.10_seed1,0.2216255536089941,0.20365267579296664,0.2063753665875658,0.9999974351662708,0.057577855516214,0.9447107311689203,0.0,0.01881720430107527,0.011648745519713262
bias_feet_0.05,Walker2d-v5,data/references/walker2d_v5_reference_expert_seed0_10k.npz,results/bias_feet_0.05_seed1/policy.zip,1,5,5.0,bias,0.0,0.0,hold,False,0.05,0,feet,squared,0.05,795,0.991263649248778,0.0,0.9377621676177094,0.0,0.9128230203442206,0.8738270155353071,0.002535028842533,0.0034263477508057,0.003426347745827,1.0,results/bias_feet_0.05_seed1,0.1944049825539219,0.2023161814763661,0.0033527373784273,0.999817124833412,0.001919596276834,0.984107146468992,0.02012578616352201,0.027672955974842768,0.7320754716981132
bias_feet_0.10,Hopper-v5,data/references/hopper_v5_reference_expert_seed1_500k.npz,results/hopper_bias_feet_0.10_seed0/policy.zip,0,5,5.0,bias,0.0,0.0,hold,False,0.1,0,feet,squared,0.05,2163,0.8378767573310761,0.0,0.662059491769381,5.418949233483229e-273,0.7247811707567478,0.664666826628048,0.0111568719598796,0.0140623714579153,0.0140623714610369,1.0,results/hopper_bias_feet_0.10_seed0,0.2538510050478094,0.26294561283425044,0.0195787436921223,0.9999925120672056,0.0294037055361112,0.9508303398351032,0.003236245954692557,0.05177993527508091,0.18539066111881647
clean,Hopper-v5,data/references/hopper_v5_reference_expert_seed1_500k.npz,results/hopper_clean_seed1/policy.zip,1,5,5.0,clean,0.0,0.0,hold,False,0.0,0,none,squared,0.05,4290,0.9999999999999998,0.0,1.0,0.0,0.8115918325983703,0.8115918325983703,0.0067393564658562,0.0067393564658562,0.0067393564522384,1.0,results/hopper_clean_seed1,0.16691636883718478,0.16691636883718478,3.063311935352358e-05,0.9999965572097982,3.063311935352358e-05,0.9999965572097982,0.006993006993006993,0.008158508158508158,0.3564102564102564
jitter_sigma_0.05,Walker2d-v5,data/references/walker2d_v5_reference_expert_seed0_10k.npz,results/jitter_sigma_0.05_seed1/policy.zip,1,5,5.0,jitter,0.05,0.0,hold,False,0.0,0,none,squared,0.05,795,0.9669260982795126,0.0,0.9141950425097304,0.0,0.5770595325054712,0.4879415985301519,0.0186386211650891,0.0211533407349748,0.0211533407560614,1.0,results/jitter_sigma_0.05_seed1,0.32036886601613196,0.27720382633649987,1.1448201466305816e-05,0.9997635756647028,8.990120652838821e-06,0.936467394238138,0.1509433962264151,0.17735849056603772,0.011320754716981131
dropout_masked_p_0.30,Walker2d-v5,data/references/walker2d_v5_reference_expert_seed0_10k.npz,results/dropout_masked_p_0.30_seed2/policy.zip,2,5,5.0,dropout,0.0,0.3,mask,True,0.0,0,none,squared,0.05,795,0.8913775360723984,9.697766989557597e-275,0.8628989966705348,3.0387246560950776e-237,0.6669418559845568,0.8959592589916116,0.0137290304194692,0.0137290304194692,0.0138691658976057,0.6977538324751944,results/dropout_masked_p_0.30_seed2,0.3126897689929573,0.16929353326066662,1.7962202867103597e-05,0.9985321521415212,0.1478875482752547,0.999993327269388,0.0,0.0,0.7723270440251573
jitter_sigma_0.05,Walker2d-v5,data/references/walker2d_v5_reference_expert_seed0_10k.npz,results/jitter_sigma_0.05_seed0/policy.zip,0,5,5.0,jitter,0.05,0.0,hold,False,0.0,0,none,squared,0.05,795,0.9037503066240966,1.9019509311046252e-294,0.7202784990968816,4.3238361191691467e-128,0.8688350214926308,0.7341785983623783,0.0024114260733287,0.004888969149994,0.0048889691433312,1.0,results/jitter_sigma_0.05_seed0,0.17760459147154004,0.16250505680027758,0.1646255467730318,0.9990697255086995,0.1112659846223599,0.9466040677603426,0.0,0.0,0.06037735849056604
clean,Hopper-v5,data/references/hopper_v5_reference_expert_seed1_500k.npz,results/hopper_clean_seed0/policy.zip,0,5,5.0,clean,0.0,0.0,hold,False,0.0,0,none,squared,0.05,1289,1.0,0.0,1.0,0.0,0.6603972081513113,0.6603972081513113,0.0145131826903597,0.0145131826903597,0.0145131827155373,1.0,results/hopper_clean_seed0,0.2850364532993491,0.2850364532993491,0.0170103184552572,0.999993497318766,0.0170103184552572,0.999993497318766,0.013964313421256789,0.030256012412723042,0.2591155934833204
dropout_hold_p_0.10,Hopper-v5,data/references/hopper_v5_reference_expert_seed1_500k.npz,results/hopper_dropout_hold_p_0.10_seed2/policy.zip,2,5,5.0,dropout,0.0,0.1,hold,False,0.0,0,none,squared,0.05,5000,0.9999970834960136,0.0,0.9999956103758244,0.0,0.7784205537449493,0.7783649240090779,0.0072623670846463,0.0072649222611984,0.0073314471837786,0.8976,results/hopper_dropout_hold_p_0.10_seed2,0.17933225303517628,0.1793625674499092,0.1218991361717505,0.9997884400447492,0.1218991361717505,0.9997884400447492,0.0,0.0,0.2578
dropout_hold_p_0.10,Walker2d-v5,data/references/walker2d_v5_reference_expert_seed0_10k.npz,results/dropout_hold_p_0.10_seed0/policy.zip,0,5,5.0,dropout,0.0,0.1,hold,False,0.0,0,none,squared,0.05,795,0.9999972381023357,0.0,0.999871989575748,0.0,0.6449882121571522,0.6447454382849127,0.0177512034669515,0.0177700469454941,0.0175173687222378,0.8959568794043559,results/dropout_hold_p_0.10_seed0,0.3614209363239934,0.3613865523179547,4.756929072257432e-06,0.9993281429729068,4.571929912348589e-06,0.9996836801612536,0.14465408805031446,0.1761006289308176,0.389937106918239
jitter_sigma_0.10,Walker2d-v5,data/references/walker2d_v5_reference_expert_seed0_10k.npz,results/jitter_sigma_0.10_seed2/policy.zip,2,5,5.0,jitter,0.1,0.0,hold,False,0.0,0,none,squared,0.05,795,0.8566170609875196,4.1575605423923175e-230,0.8027728108724794,3.035356160349726e-180,0.5610782139332462,0.2960828524437778,0.0245648369586259,0.0347114045316435,0.0347114043184351,1.0,results/jitter_sigma_0.10_seed2,0.34073755942962064,0.20599782408574793,4.3140766739506107e-07,0.9995680218642494,9.642213472372534e-08,0.7619013869202116,0.20754716981132076,0.2490566037735849,0.0
dropout_masked_p_0.30,Hopper-v5,data/references/hopper_v5_reference_expert_seed1_500k.npz,results/hopper_dropout_masked_p_0.30_seed2/policy.zip,2,5,5.0,dropout,0.0,0.3,mask,True,0.0,0,none,squared,0.05,5000,0.7939772725586913,0.0,0.6463441683338521,0.0,0.8015139020801184,0.9408757736015814,0.0065579737989847,0.0065579737989847,0.0065838405507803,0.69835,results/hopper_dropout_masked_p_0.30_seed2,0.17946656060835015,0.08261123558135076,0.1081043858950553,0.999823055126948,0.2060139745225432,1.0,0.0,0.0,0.8114
dropout_hold_p_0.10,Walker2d-v5,data/references/walker2d_v5_reference_expert_seed0_10k.npz,results/dropout_hold_p_0.10_seed1/policy.zip,1,5,5.0,dropout,0.0,0.1,hold,False,0.0,0,none,squared,0.05,795,0.999969719165964,0.0,0.9998168209041024,0.0,0.6652923054829559,0.6650998828834846,0.0118466529536977,0.0118743613830604,0.0120159893562031,0.8993710749929056,results/dropout_hold_p_0.10_seed1,0.3242435813519088,0.32457587205620747,0.0004676872376396,0.998874551149968,0.0004676872376396,0.998874551149968,0.09182389937106918,0.1220125786163522,0.22515723270440252
dropout_zero_p_0.30,Hopper-v5,data/references/hopper_v5_reference_expert_seed1_500k.npz,results/hopper_dropout_zero_p_0.30_seed1/policy.zip,1,5,5.0,dropout,0.0,0.3,zero,False,0.0,0,none,squared,0.05,5000,0.1800107539817065,1.1073287659643124e-37,0.2151812920508952,1.8390295256894863e-53,0.8125680371564206,0.3710338178151499,0.0060041013701436,0.0918132525208079,0.0059208227121714,0.6966,results/hopper_dropout_zero_p_0.30_seed1,0.1654631334302794,0.3987316883420679,0.1353372757043158,0.9999910784265538,4.473245266478382e-06,0.99996568523998,0.5232,0.5232,0.1234
bias_feet_0.10,Walker2d-v5,data/references/walker2d_v5_reference_expert_seed0_10k.npz,results/bias_feet_0.10_seed2/policy.zip,2,5,5.0,bias,0.0,0.0,hold,False,0.1,0,feet,squared,0.05,795,0.985215979621368,0.0,0.9247860900433922,0.0,0.8197352016561212,0.7287514902508581,0.0048042261167268,0.0074036683264897,0.0074036683020351,1.0,results/bias_feet_0.10_seed2,0.24875270959188572,0.2556709655736018,0.0070586369641778,0.999224959612756,0.0025494425408225,0.9263558860097784,0.04150943396226415,0.06540880503144654,0.14968553459119496
jitter_sigma_0.05,Hopper-v5,data/references/hopper_v5_reference_expert_seed1_500k.npz,results/hopper_jitter_sigma_0.05_seed2/policy.zip,2,5,5.0,jitter,0.05,0.0,hold,False,0.0,0,none,squared,0.05,5000,0.8967698539279073,0.0,0.8285338130133524,0.0,0.8022249354760063,0.7315325429342516,0.0064469955400995,0.0088998569744173,0.0088998569699586,1.0,results/hopper_jitter_sigma_0.05_seed2,0.1723952574047954,0.17011191479948484,0.1106483621113813,0.999804334811482,0.0545505876096548,0.9875954958359816,0.0,0.0046,0.1158
dropout_hold_p_0.30,Walker2d-v5,data/references/walker2d_v5_reference_expert_seed0_10k.npz,results/dropout_hold_p_0.30_seed1/policy.zip,1,5,5.0,dropout,0.0,0.3,hold,False,0.0,0,none,squared,0.05,795,0.9999837220855684,0.0,0.9997189741301918,0.0,0.6235083410704904,0.623501578968942,0.0208680480526268,0.0208817648778099,0.0202876098971228,0.6970350542908195,results/dropout_hold_p_0.30_seed1,0.362738016351825,0.3629676772760975,5.565839784299532e-07,0.9990619682964909,5.565839784299532e-07,0.9990619682964909,0.16226415094339622,0.189937106918239,0.2289308176100629
bias_feet_0.05,Hopper-v5,data/references/hopper_v5_reference_expert_seed1_500k.npz,results/hopper_bias_feet_0.05_seed2/policy.zip,2,5,5.0,bias,0.0,0.0,hold,False,0.05,0,feet,squared,0.05,5000,0.8713080904564318,0.0,0.8302761716983782,0.0,0.8100710290975756,0.8146299801950887,0.0058743863499831,0.005929726678325,0.0059297266810142,1.0,results/hopper_bias_feet_0.05_seed2,0.15286470320556217,0.16499861945856656,0.2006950626051987,0.9998008822508794,0.1376986247309017,0.9880411179743838,0.0,0.0,0.3892
dropout_zero_p_0.30,Walker2d-v5,data/references/walker2d_v5_reference_expert_seed0_10k.npz,results/dropout_zero_p_0.30_seed2/policy.zip,2,5,5.0,dropout,0.0,0.3,zero,False,0.0,0,none,squared,0.05,795,0.301716563316288,3.4011350207104224e-18,0.3243345667074023,6.271302769716179e-21,0.6092060062936983,0.142553863966128,0.0226875002189084,0.1025912223344567,0.0229507050657051,0.6977538324751944,results/dropout_zero_p_0.30_seed2,0.3675915626808093,0.29798065879221286,6.900946119586565e-07,0.9993229600955028,5.501847649808409e-11,0.9975781993981888,0.7962264150943397,0.8012578616352202,0.03647798742138365
dropout_zero_p_0.30,Hopper-v5,data/references/hopper_v5_reference_expert_seed1_500k.npz,results/hopper_dropout_zero_p_0.30_seed0/policy.zip,0,5,5.0,dropout,0.0,0.3,zero,False,0.0,0,none,squared,0.05,5000,0.2226439756541594,3.3519058776619163e-57,0.2707932709862222,9.242751490250138e-85,0.8098870482599642,0.388644337504051,0.0062404270096668,0.0871799044107137,0.0061834036527394,0.70755,results/hopper_dropout_zero_p_0.30_seed0,0.1728655786030017,0.4021722904419323,0.1043816390256902,0.9999955091764944,4.473245266478382e-06,0.9999955091764944,0.501,0.502,0.1426
dropout_hold_p_0.30,Walker2d-v5,data/references/walker2d_v5_reference_expert_seed0_10k.npz,results/dropout_hold_p_0.30_seed0/policy.zip,0,5,5.0,dropout,0.0,0.3,hold,False,0.0,0,none,squared,0.05,795,0.9999797786540148,0.0,0.9993887741067392,0.0,0.7191115367010151,0.7186497491004181,0.0110840639777332,0.0111178458762238,0.0108127597000604,0.7017071121706153,results/dropout_hold_p_0.30_seed0,0.31751004303271446,0.31778343556871613,5.9454117836016224e-05,0.9989146315192008,5.887226635284562e-05,0.9988822006513768,0.09056603773584905,0.11446540880503145,0.30062893081761005
dropout_hold_p_0.30,Hopper-v5,data/references/hopper_v5_reference_expert_seed1_500k.npz,results/hopper_dropout_hold_p_0.30_seed2/policy.zip,2,5,5.0,dropout,0.0,0.3,hold,False,0.0,0,none,squared,0.05,5000,0.9999747318221746,0.0,0.9999735140298956,0.0,0.8188043832131305,0.8186317517966826,0.0056082650681914,0.0056159878460276,0.0056676058791962,0.69835,results/hopper_dropout_hold_p_0.30_seed2,0.15313460726128722,0.15328820901657023,0.1965020866469837,0.9998142912792692,0.1952838032323952,0.999827359158445,0.0,0.0,0.3772
bias_feet_0.10,Hopper-v5,data/references/hopper_v5_reference_expert_seed1_500k.npz,results/hopper_bias_feet_0.10_seed2/policy.zip,2,5,5.0,bias,0.0,0.0,hold,False,0.1,0,feet,squared,0.05,5000,0.538049490974887,0.0,0.343828482236351,9.401859006679644e-139,0.7917536939764691,0.7884628082465872,0.0065160758052194,0.0069611058318056,0.0069611058503156,1.0,results/hopper_bias_feet_0.10_seed2,0.1608536978410189,0.16962437600746993,0.1987045640596348,0.9998371001766814,0.0857424367505797,0.9523914807025116,0.0,0.0032,0.3108
clean,Walker2d-v5,data/references/walker2d_v5_reference_expert_seed0_10k.npz,results/clean_seed0/policy.zip,0,5,5.0,clean,0.0,0.0,hold,False,0.0,0,none,squared,0.05,795,1.0,0.0,1.0,0.0,0.5965121751875102,0.5965121751875102,0.0220703012769612,0.0220703012769612,0.0220703014261275,1.0,results/clean_seed0,0.37269596365690955,0.37269596365690955,1.1562854824119133e-06,0.9987475956566276,1.1562854824119133e-06,0.9987475956566276,0.17232704402515722,0.20628930817610064,0.3383647798742138
bias_feet_0.05,Walker2d-v5,data/references/walker2d_v5_reference_expert_seed0_10k.npz,results/bias_feet_0.05_seed2/policy.zip,2,5,5.0,bias,0.0,0.0,hold,False,0.05,0,feet,squared,0.05,795,0.9942756278738264,0.0,0.9814802351666132,0.0,0.7260584551135922,0.6638209680234922,0.0104412083400822,0.0126250776807842,0.0126250777232867,1.0,results/bias_feet_0.05_seed2,0.31199874248539494,0.30815481262963984,8.05946448661993e-06,0.9986649830374272,3.5430138681807476e-06,0.9827914944036338,0.07169811320754717,0.09811320754716982,0.27044025157232704
clean,Walker2d-v5,data/references/walker2d_v5_reference_expert_seed0_10k.npz,results/clean_seed1/policy.zip,1,5,5.0,clean,0.0,0.0,hold,False,0.0,0,none,squared,0.05,795,1.0,0.0,1.0,0.0,0.6272173836610273,0.6272173836610273,0.0197652989919064,0.0197652989919064,0.0197652990415614,1.0,results/clean_seed1,0.34194707834311977,0.34194707834311977,2.5502499321755383e-06,0.9991612180383264,2.5502499321755383e-06,0.9991612180383264,0.15471698113207547,0.17861635220125785,0.14339622641509434
jitter_sigma_0.10,Hopper-v5,data/references/hopper_v5_reference_expert_seed1_500k.npz,results/hopper_jitter_sigma_0.10_seed2/policy.zip,2,5,5.0,jitter,0.1,0.0,hold,False,0.0,0,none,squared,0.05,945,0.8049606861278025,5.3172421746804976e-216,0.7800841343214227,3.011696858160845e-194,0.6459274939624968,0.4577831050018148,0.0149346045800989,0.0246981741912249,0.0246981741801377,1.0,results/hopper_jitter_sigma_0.10_seed2,0.2723183847101949,0.22013985574868133,0.0255254248579981,0.9998594573479974,0.0037612259812041,0.9420568149134751,0.039153439153439155,0.06666666666666667,0.0031746031746031746
clean,Hopper-v5,data/references/hopper_v5_reference_expert_seed1_500k.npz,results/hopper_clean_seed2/policy.zip,2,5,5.0,clean,0.0,0.0,hold,False,0.0,0,none,squared,0.05,5000,0.9999999999999996,0.0,1.0,0.0,0.8038978808583483,0.8038978808583483,0.0063010682705245,0.0063010682705245,0.0063010682596237,1.0,results/hopper_clean_seed2,0.16639815871056549,0.16639815871056549,0.1255488182505852,0.9997974896075744,0.1255488182505852,0.9997974896075744,0.0,0.0,0.3474
dropout_masked_p_0.30,Walker2d-v5,data/references/walker2d_v5_reference_expert_seed0_10k.npz,results/dropout_masked_p_0.30_seed0/policy.zip,0,5,5.0,dropout,0.0,0.3,mask,True,0.0,0,none,squared,0.05,795,0.8802392897373519,6.0891348711851e-259,0.9168435686344846,0.0,0.6506183114008312,0.8730484349828553,0.0185969133437275,0.0185969133437275,0.0182660424825838,0.7017071121706153,results/dropout_masked_p_0.30_seed0,0.3597364982967554,0.20590037072351458,6.213846617942909e-06,0.9990341045008412,0.1248742036943632,0.9999933831313184,0.0,0.0,0.7069182389937106
jitter_sigma_0.05,Walker2d-v5,data/references/walker2d_v5_reference_expert_seed0_10k.npz,results/jitter_sigma_0.05_seed2/policy.zip,2,5,5.0,jitter,0.05,0.0,hold,False,0.0,0,none,squared,0.05,795,0.9749472149534606,0.0,0.8392513873965618,4.96154090811648e-212,0.6692410180684084,0.5688008445226518,0.0196526639551962,0.0222178651352336,0.0222178651979075,1.0,results/jitter_sigma_0.05_seed2,0.3428216243398729,0.2968233645638946,5.50293571985453e-08,0.9997734364149534,4.938544620629458e-08,0.9337199851247338,0.1471698113207547,0.16729559748427672,0.01761006289308176
dropout_masked_p_0.30,Walker2d-v5,data/references/walker2d_v5_reference_expert_seed0_10k.npz,results/dropout_masked_p_0.30_seed1/policy.zip,1,5,5.0,dropout,0.0,0.3,mask,True,0.0,0,none,squared,0.05,795,0.8640312405761428,1.4413101144497561e-238,0.8946695599570018,9.66078677129027e-280,0.619848371615425,0.8650211338608994,0.0205505979031961,0.0205505979031961,0.0199195581184288,0.6970350542908195,results/dropout_masked_p_0.30_seed1,0.35268197233321974,0.21166606438016186,3.362369904620537e-06,0.9992778213153476,0.0238281795949989,0.9999972290190464,0.0012578616352201257,0.0025157232704402514,0.6981132075471698
dropout_hold_p_0.10,Hopper-v5,data/references/hopper_v5_reference_expert_seed1_500k.npz,results/hopper_dropout_hold_p_0.10_seed1/policy.zip,1,5,5.0,dropout,0.0,0.1,hold,False,0.0,0,none,squared,0.05,5000,0.9999950444952972,0.0,0.9999923188471008,0.0,0.8086997379252816,0.8086397869883835,0.006085401431925,0.0060879437823106,0.0060630379785494,0.89795,results/hopper_dropout_hold_p_0.10_seed1,0.1628037475094187,0.1628415534890284,0.1427629975939978,0.9999909446581384,0.1416789179041584,0.9999909446581384,0.0,0.0,0.3652
dropout_masked_p_0.30,Hopper-v5,data/references/hopper_v5_reference_expert_seed1_500k.npz,results/hopper_dropout_masked_p_0.30_seed0/policy.zip,0,5,5.0,dropout,0.0,0.3,mask,True,0.0,0,none,squared,0.05,5000,0.7983667559893914,0.0,0.6320383595571057,0.0,0.8016806138760431,0.942356733019896,0.0063920981565183,0.0063920981565183,0.0063337519160224,0.70755,results/hopper_dropout_masked_p_0.30_seed0,0.16544500724042477,0.0756161405796014,0.1174511038380533,0.9999910300327736,0.354268500896142,1.0,0.0,0.0,0.8262
jitter_sigma_0.10,Walker2d-v5,data/references/walker2d_v5_reference_expert_seed0_10k.npz,results/jitter_sigma_0.10_seed0/policy.zip,0,5,5.0,jitter,0.1,0.0,hold,False,0.0,0,none,squared,0.05,795,0.8671798631551899,2.59020105053399e-242,0.798430487115488,6.597897488430408e-177,0.6064788419047544,0.316118519926608,0.0232757603189584,0.0333089375379348,0.0333089377110203,1.0,results/jitter_sigma_0.10_seed0,0.3662855729292113,0.21696756396211958,1.0676683721633408e-06,0.999627699234584,1.7290042868055813e-07,0.8510916628792851,0.20125786163522014,0.2490566037735849,0.0
dropout_masked_p_0.30,Hopper-v5,data/references/hopper_v5_reference_expert_seed1_500k.npz,results/hopper_dropout_masked_p_0.30_seed1/policy.zip,1,5,5.0,dropout,0.0,0.3,mask,True,0.0,0,none,squared,0.05,5000,0.7707335658127277,0.0,0.6661347690553925,0.0,0.8097853277280659,0.9445297522749656,0.0062810026853554,0.0062810026853554,0.0061969240451391,0.6966,results/hopper_dropout_masked_p_0.30_seed1,0.180792632002138,0.08277761320176935,0.1032335603869566,0.9999961959609484,0.1757501445173266,1.0,0.0,0.0,0.8172
dropout_hold_p_0.10,Hopper-v5,data/references/hopper_v5_reference_expert_seed1_500k.npz,results/hopper_dropout_hold_p_0.10_seed0/policy.zip,0,5,5.0,dropout,0.0,0.1,hold,False,0.0,0,none,squared,0.05,5000,0.9999980263808532,0.0,0.9999965518477392,0.0,0.8031912383592191,0.8031479062777811,0.0066158100838907,0.0066179649697813,0.0066430424603713,0.8983,results/hopper_dropout_hold_p_0.10_seed0,0.17935454595495792,0.17938152627538467,0.0811246079114089,0.9999921317717372,0.0811246079114089,0.9999921317717372,0.0,0.008,0.3624
dropout_hold_p_0.10,Walker2d-v5,data/references/walker2d_v5_reference_expert_seed0_10k.npz,results/dropout_hold_p_0.10_seed2/policy.zip,2,5,5.0,dropout,0.0,0.1,hold,False,0.0,0,none,squared,0.05,795,0.9999971452767618,0.0,0.9999654419619604,0.0,0.5498359654099535,0.5498923532404287,0.0340534667682697,0.0340423451548813,0.0342893852827699,0.9060197719987834,results/dropout_hold_p_0.10_seed2,0.38932260306555727,0.38931184022690085,2.1979913723228932e-10,0.9992371254014965,2.1979913723228932e-10,0.9992371254014965,0.2238993710691824,0.2578616352201258,0.30440251572327043
jitter_sigma_0.10,Walker2d-v5,data/references/walker2d_v5_reference_expert_seed0_10k.npz,results/jitter_sigma_0.10_seed1/policy.zip,1,5,5.0,jitter,0.1,0.0,hold,False,0.0,0,none,squared,0.05,795,0.8478830749788466,9.850206795889272e-221,0.7998537671963257,5.428242835372955e-178,0.5627519350003339,0.2964935566262384,0.0248373154470274,0.0348169085171378,0.0348169084292772,1.0,results/jitter_sigma_0.10_seed1,0.3436177197904959,0.20682816252021882,1.6571591730054141e-07,0.99900192822898,5.733204708531538e-09,0.7921086347210997,0.21257861635220127,0.2440251572327044,0.0
dropout_hold_p_0.30,Walker2d-v5,data/references/walker2d_v5_reference_expert_seed0_10k.npz,results/dropout_hold_p_0.30_seed2/policy.zip,2,5,5.0,dropout,0.0,0.3,hold,False,0.0,0,none,squared,0.05,795,0.9997203429666826,0.0,0.997763113366366,0.0,0.6229175198907536,0.6228064241927044,0.0176897587838047,0.0177490709345806,0.0179780386527826,0.6977538324751944,results/dropout_hold_p_0.30_seed2,0.35301500632947014,0.3536492664210948,7.113142191035747e-08,0.998548462677673,7.142865503088503e-08,0.998548462677673,0.13584905660377358,0.16981132075471697,0.3232704402515723
jitter_sigma_0.05,Hopper-v5,data/references/hopper_v5_reference_expert_seed1_500k.npz,results/hopper_jitter_sigma_0.05_seed1/policy.zip,1,5,5.0,jitter,0.05,0.0,hold,False,0.0,0,none,squared,0.05,5000,0.878720664082691,0.0,0.8353174216325538,0.0,0.8210213810630143,0.7465859854297956,0.005504359271507,0.0080162453406373,0.0080162453438388,1.0,results/hopper_jitter_sigma_0.05_seed1,0.15080021402956129,0.15388756080768579,0.2026126703626411,0.9999909446581384,0.1440353338246433,0.979671572794259,0.0,0.0,0.1382
dropout_hold_p_0.30,Hopper-v5,data/references/hopper_v5_reference_expert_seed1_500k.npz,results/hopper_dropout_hold_p_0.30_seed0/policy.zip,0,5,5.0,dropout,0.0,0.3,hold,False,0.0,0,none,squared,0.05,5000,0.9999910577450536,0.0,0.99998732377512,0.0,0.8059311175756566,0.8057963579891121,0.0064802534464053,0.0064868063330604,0.006418287824155,0.70755,results/hopper_dropout_hold_p_0.30_seed0,0.17588431150657305,0.17601182786814182,0.0856400932796106,0.9999911210786334,0.0856404250758303,0.999999293192624,0.0,0.0064,0.371
dropout_zero_p_0.30,Walker2d-v5,data/references/walker2d_v5_reference_expert_seed0_10k.npz,results/dropout_zero_p_0.30_seed0/policy.zip,0,5,5.0,dropout,0.0,0.3,zero,False,0.0,0,none,squared,0.05,795,0.2722183750827943,5.659821096176181e-15,0.3246175987107248,5.776136242161914e-21,0.6209684834938773,0.1287605989624526,0.020378761283455,0.1037369165978004,0.0200677647268713,0.7017071121706153,results/dropout_zero_p_0.30_seed0,0.35986567327523256,0.2813290570122053,4.146886634697011e-06,0.9989164313106484,2.784098244950815e-10,0.9978483111200976,0.8163522012578617,0.8188679245283019,0.028930817610062894
dropout_zero_p_0.30,Hopper-v5,data/references/hopper_v5_reference_expert_seed1_500k.npz,results/hopper_dropout_zero_p_0.30_seed2/policy.zip,2,5,5.0,dropout,0.0,0.3,zero,False,0.0,0,none,squared,0.05,5000,0.1990447583488382,7.5535675978777e-46,0.2092151041694507,1.426626049934442e-50,0.7905582016999526,0.3682971724079198,0.0068192957396466,0.0893676838883373,0.0069148294951658,0.69835,results/hopper_dropout_zero_p_0.30_seed2,0.1729233556729058,0.3891053590375334,0.1176719360793546,0.9998279110538256,4.550897201822316e-06,0.9988022520393444,0.5086,0.5096,0.1088
bias_feet_0.05,Hopper-v5,data/references/hopper_v5_reference_expert_seed1_500k.npz,results/hopper_bias_feet_0.05_seed0/policy.zip,0,5,5.0,bias,0.0,0.0,hold,False,0.05,0,feet,squared,0.05,5000,0.9095325252441748,0.0,0.8471145266209192,0.0,0.8077216952529339,0.7995715400288055,0.0062791131999246,0.0069552181294217,0.0069552181283725,1.0,results/hopper_bias_feet_0.05_seed0,0.171093998677221,0.19395958215649406,0.1115708254342333,0.9999929766848872,0.0718799636097045,0.9976818454104468,0.0,0.012,0.388
bias_feet_0.10,Walker2d-v5,data/references/walker2d_v5_reference_expert_seed0_10k.npz,results/bias_feet_0.10_seed1/policy.zip,1,5,5.0,bias,0.0,0.0,hold,False,0.1,0,feet,squared,0.05,787,0.9852517124461518,0.0,0.9981190893657934,0.0,0.3978740563616955,0.3104642703246104,0.0707993382493741,0.0831225565446805,0.0831225567399388,1.0,results/bias_feet_0.10_seed1,0.39744220362253146,0.34820672620814325,4.610641087369796e-19,0.9992183981718952,1.8380598816067102e-20,0.9280135533564676,0.4256670902160102,0.4815756035578145,0.09275730622617535
dropout_hold_p_0.30,Hopper-v5,data/references/hopper_v5_reference_expert_seed1_500k.npz,results/hopper_dropout_hold_p_0.30_seed1/policy.zip,1,5,5.0,dropout,0.0,0.3,hold,False,0.0,0,none,squared,0.05,5000,0.9999896470706872,0.0,0.999975078399003,0.0,0.8117982464862442,0.8116408644469071,0.0061330070396872,0.0061416438921584,0.0060472801939554,0.6966,results/hopper_dropout_hold_p_0.30_seed1,0.16830435241790687,0.1684776166412291,0.1003407875588106,0.9999931219767928,0.0987538077568316,0.9999931219767928,0.0,0.0004,0.3834
jitter_sigma_0.05,Hopper-v5,data/references/hopper_v5_reference_expert_seed1_500k.npz,results/hopper_jitter_sigma_0.05_seed0/policy.zip,0,5,5.0,jitter,0.05,0.0,hold,False,0.0,0,none,squared,0.05,1377,0.9581658155997071,0.0,0.934045116173178,0.0,0.6595897945103998,0.6008943699911163,0.0146506411515628,0.0171988740784556,0.0171988741009862,1.0,results/hopper_jitter_sigma_0.05_seed0,0.2773533213179162,0.25940538060345253,0.0121849248547502,0.9999909446581384,0.0079534974248504,0.9766201264195792,0.023965141612200435,0.04647785039941903,0.07625272331154684
bias_feet_0.10,Walker2d-v5,data/references/walker2d_v5_reference_expert_seed0_10k.npz,results/bias_feet_0.10_seed0/policy.zip,0,5,5.0,bias,0.0,0.0,hold,False,0.1,0,feet,squared,0.05,795,0.9836556177196558,0.0,0.9767572714578072,0.0,0.6675571259106308,0.5416396148015026,0.0149709990428061,0.0207456552026699,0.0207456550792257,1.0,results/bias_feet_0.10_seed0,0.3523642933404494,0.3246012515384784,5.7449644628933e-06,0.9993517778628644,1.0364411505258414e-06,0.9254617165299583,0.15471698113207547,0.19371069182389938,0.010062893081761006
bias_feet_0.05,Hopper-v5,data/references/hopper_v5_reference_expert_seed1_500k.npz,results/hopper_bias_feet_0.05_seed1/policy.zip,1,5,5.0,bias,0.0,0.0,hold,False,0.05,0,feet,squared,0.05,5000,0.8776002256200558,0.0,0.8270776415068055,0.0,0.8080049871672058,0.8154939890590306,0.0060629064191378,0.0059922843287989,0.0059922843221575,1.0,results/hopper_bias_feet_0.05_seed1,0.16275540712011258,0.166145970915943,0.1647285360771472,0.9999909446581384,0.1100111006672783,0.9880409707447952,0.0,0.0,0.3904
dropout_zero_p_0.30,Walker2d-v5,data/references/walker2d_v5_reference_expert_seed0_10k.npz,results/dropout_zero_p_0.30_seed1/policy.zip,1,5,5.0,dropout,0.0,0.3,zero,False,0.0,0,none,squared,0.05,795,0.2929423732855765,3.3862618730235916e-17,0.4279837474526283,9.517630315544256e-37,0.5126066034060185,0.1035310363636856,0.0406244785277533,0.1218889739128077,0.0395233690836358,0.6970350542908195,results/dropout_zero_p_0.30_seed1,0.3626198561358157,0.24586835935357854,4.9329827680379365e-18,0.999053401224382,4.9329827680379365e-18,0.9941894462291644,0.8364779874213837,0.8415094339622642,0.0037735849056603774
